sku,produto,rotulo,sinapi_codigo,sinapi_descricao
120360,SAI FIO MAGNESIO 582661B,sem_par,,
59085,Módulo Cego Cinza Plus+ Legrand 611047CZ,sem_par,,
76048,CURVA 45° PVC,familia,,
85440,PLACA CEGA 4X2 BRANCA JA4803M0JW,par,38091,"ESPELHO / PLACA CEGA 4"" X 2"", PARA INSTALACAO DE TOMADAS E INTERRUPTORES"
95114,PLACA 2 POSTOS JUNTOS 4X2 SUGAR GLOSS 663233,par,38093,"ESPELHO / PLACA DE 2 POSTOS 4"" X 2"", PARA INSTALACAO DE TOMADAS E INTERRUPTORES"
83075,MODULO TOMADA PARA ANTENA DE TV BRANCO 615030,par,38105,"TOMADA PARA ANTENA DE TV, CABO COAXIAL DE 9 MM (APENAS MODULO)"
98048,PLACA CEGA 4X4 COM SUPORTE 680173,par,38095,"ESPELHO / PLACA CEGA 4"" X 4"", PARA INSTALACAO DE TOMADAS E INTERRUPTORES"
2071,"Carretel Cabo FlexSil 750 V 4,00 Verde/Amarelo 00789.019",par,981,"CABO DE COBRE, FLEXIVEL, CLASSE 4 OU 5, ISOLACAO EM PVC/A, ANTICHAMA BWF-B, 1 CONDUTOR, 450/750 V, SECAO NOMINAL 4 MM2"
6072,CAMPAINHA CIGARRA 127V 1M BR PVM613BC,par,38106,CAMPAINHA CIGARRA 127 V / 220 V (APENAS MODULO)
80064,CURVA HORIZONTAL 90° PARA ELETROCALHA,familia,,
125011,PATCH PANEL 24P CAT 6 UTP LCS2,sem_par,,
154014,QUADRO EMBUTIR CHAPA SEM BARRAMENTO 100A P/28 DISJ DIN,sem_par,,
83004,MODULO PULSADOR MINUTERIA BRANCO 611003,par,38117,"PULSADOR MINUTERIA 10A, 250V (APENAS MODULO)"
80456,CRUZETA HORIZONTAL PARA ELETROCALHA 200X100MM,sem_par,,
98157,PLACA 2+2 POSTOS SEPARADOS 4X4 CINZA 680175CZ,sem_par,,
45019,COTOVELO INTERNO PARA CANALETA 20X12MM 30991X,sem_par,,
29257,CAIXA PASSAGEM SOBREPOR 50X50X15 901049,par,39774,"CAIXA DE PASSAGEM METALICA DE SOBREPOR COM TAMPA PARAFUSADA, DIMENSOES 50 X 50 X 15 CM"
103145,*CABO SOLDA 16MM2,sem_par,,
45073,TOMADA 2P+T 10A P. BRASILEIRO SISTEMA X 675060,par,38101,"TOMADA 2P+T 10A, 250V (APENAS MODULO)"
98166,PLACA CEGA 4X2 PRETA 680180PT,par,38091,"ESPELHO / PLACA CEGA 4"" X 2"", PARA INSTALACAO DE TOMADAS E INTERRUPTORES"
41042,CONECTOR PARAF. FENDIDO BIMETAL. 70MM2 PFB-70,par,11855,"CONECTOR METALICO TIPO PARAFUSO FENDIDO (SPLIT BOLT), PARA CABOS ATE 70 MM2"
58105,ELETRODUTO FLEXÍVEL CORRUGADO AMARELO,familia,,
55049,FITA PERFURADA METALICA 17MM X 30MT,par,14152,"FITA METALICA PERFURADA, L = 17 MM, ROLO DE 30 M, CARGA RECOMENDADA = *19* KGF"
58108,ELETRODUTO FLEXÍVEL CORRUGADO LARANJA,familia,,
85454,PLACA CEGA 4X4 CINZA JA4826M0JG,par,38095,"ESPELHO / PLACA CEGA 4"" X 4"", PARA INSTALACAO DE TOMADAS E INTERRUPTORES"
103022,"Cabo de Controle Flexível 0,6/1kV 8×1,0mm² CO8X1",sem_par,,
9018,DISJUNTOR TERMOMAGNETICO BIPOLAR 50A,par,34623,"DISJUNTOR TERMOMAGNETICO PARA TRILHO DIN (IEC), BIPOLAR, 40 - 50 A"
152001,"CORDAO OPT DUPLEX MM OM3 2,5SC UPC/SC U",sem_par,,
98064,1 INTERRUPTOR SIMPLES 10A 250V 4X2 PT 680100PT,par,38062,"INTERRUPTOR SIMPLES 10A, 250V, CONJUNTO MONTADO PARA EMBUTIR 4"" X 2"" (PLACA + SUPORTE + MODULO)"
59197,PLACA 1+1 POSTO 4X4 BRANCA PLUS+ 618511BC,sem_par,,
85446,PLACA 2 POSTOS SEPARADOS 4X2 BRANCA JA4803M2JW,par,38093,"ESPELHO / PLACA DE 2 POSTOS 4"" X 2"", PARA INSTALACAO DE TOMADAS E INTERRUPTORES"
103093,"*CABO FLEXIVEL 0,75MM2 PRETO",par,1011,"CABO DE COBRE, FLEXIVEL, CLASSE 4 OU 5, ISOLACAO EM PVC/A, ANTICHAMA BWF-B, 1 CONDUTOR, 450/750 V, SECAO NOMINAL 0,75 MM2"
9042,DISJUNTOR TERMOMAGNETICO TRIPOLAR 400A,par,2379,"DISJUNTOR TERMOMAGNETICO TRIPOLAR 400 A / 600 V, TIPO JXD / ICC - 40 KA"
6027,2 INTERRUPTORES SIMPLES 10A 250V 4X2 PVC2120BC,par,38068,"INTERRUPTORES SIMPLES (2 MODULOS) 10A, 250V, CONJUNTO MONTADO PARA EMBUTIR 4"" X 2"" (PLACA + SUPORTE + MODULOS)"
10024,TERM PRE-ISOL. PINO 16MM AZ TPP-16-16,sem_par,,
103233,"*CABO FLEXIVEL 0,50MM2 750V BRANCO",par,39251,"CABO DE COBRE, FLEXIVEL, CLASSE 4 OU 5, ISOLACAO EM PVC/A, ANTICHAMA BWF-B, 1 CONDUTOR, 450/750 V, SECAO NOMINAL 0,5 MM2"
80160,CURVA VERTICAL INTERNA 90° PARA ELETROCALHA,sem_par,,
19155,"MARCADOR DE FIO 0,75mm² – 4mm² (NUMERO 1) – 100 pcs FGT1 1 100",sem_par,,
98191,PLACA 3 POSTOS SEPARADOS 4X2 PRETA 680183PT,par,38094,"ESPELHO / PLACA DE 3 POSTOS 4"" X 2"", PARA INSTALACAO DE TOMADAS E INTERRUPTORES"
98128,INTERRUPTOR INTERMEDIARIO 10A 250V 1M PT 680152PT,par,38115,"INTERRUPTOR INTERMEDIARIO 10 A, 250 V (APENAS MODULO)"
76011,CURVA 90° PVC RIGIDO,familia,,
59144,Módulo Tomada Preta 2P+T 10A 250V Plus+ Legrand 615060PT,par,38101,"TOMADA 2P+T 10A, 250V (APENAS MODULO)"
51023,"Cabo Telefônico Preto CTP-APL 0,50mm² 50 Pares CobreKabos CTPAPL50",sem_par,,
98065,2 INTERRUPTORES SIMPLES 10A 250V 4X2 CZ 680101CZ,par,38068,"INTERRUPTORES SIMPLES (2 MODULOS) 10A, 250V, CONJUNTO MONTADO PARA EMBUTIR 4"" X 2"" (PLACA + SUPORTE + MODULOS)"
49061,INTERFONE AZ-S BRANCO,sem_par,,
59126,MOD TOMADA 2P+T 10A B.PARAFU 1M BC PLUS+ 615040BC,par,38101,"TOMADA 2P+T 10A, 250V (APENAS MODULO)"
9028,DISJUNTOR TERMOMAGNETICO TRIPOLAR 40A,sem_par,,
9009,DISJUNTOR TERMOMAGNETICO MONOPOLAR 60A,par,34688,"DISJUNTOR TERMOMAGNETICO PARA TRILHO DIN (IEC), MONOPOLAR, 63 A"
98052,PLACA 3+3 POSTOS SEPARADOS 4X4 C SUPORTE 680177,par,38099,"SUPORTE DE FIXACAO PARA ESPELHO / PLACA 4"" X 2"", PARA 3 MODULOS, PARA INSTALACAO DE TOMADAS E INTERRUPTORES (SOMENTE SUPORTE)"
98126,INTERRUPTOR PARALELO 10A 250V 1M PRETA 680151PT,par,38113,"INTERRUPTOR PARALELO 10A, 250V (APENAS MODULO)"
6055,INTERRUPTOR BIPOLAR SIMP 10A 250V 1M BR PVM2113BC,par,38114,"INTERRUPTOR BIPOLAR SIMPLES 10 A, 250 V (APENAS MODULO)"
98148,MODULO CEGO 1M PRETA 680165PT,sem_par,,
59087,MODULO SAIDA DE FIO BRANCA PLUS+ 611048BC,sem_par,,
52046,PLACA 4X4 CEGA EM ABS BRANCO M9P0,par,38095,"ESPELHO / PLACA CEGA 4"" X 4"", PARA INSTALACAO DE TOMADAS E INTERRUPTORES"
79022,PERFILADO GALVANIZADO PERFURADO 38X38MM,par,39028,"PERFILADO PERFURADO SIMPLES 38 X 38 MM, CHAPA 22"
59166,MOD TOMADA HDMI PRETA PLUS+ 615092PT,sem_par,,
85495,INTERRUPTOR PARALELO 10A 1M CINZA JG4003,par,38113,"INTERRUPTOR PARALELO 10A, 250V (APENAS MODULO)"
19176,"MARCADOR DE FIO 0,75mm² – 4mm² (LETRA H) – 100 pcs FGT1 H 100",sem_par,,
7020,ABRAÇADEIRA TIPO ÔMEGA 3/4”,sem_par,,
2065,"Carretel Cabo FlexSil 750 V 4,00 Verde 00789.019",par,981,"CABO DE COBRE, FLEXIVEL, CLASSE 4 OU 5, ISOLACAO EM PVC/A, ANTICHAMA BWF-B, 1 CONDUTOR, 450/750 V, SECAO NOMINAL 4 MM2"
83108,PLACA 4X2 2 POSTOS SEPARADOS BRANCA 618506,par,38093,"ESPELHO / PLACA DE 2 POSTOS 4"" X 2"", PARA INSTALACAO DE TOMADAS E INTERRUPTORES"
52003,MODULO INTERRUPTOR SIMPLES 10A M2001,par,38112,"INTERRUPTOR SIMPLES 10A, 250V (APENAS MODULO)"
47027,CAIXA DE EMBUTIR P/ ALVENARIA EM PVC 4X4 689015,par,1873,"CAIXA DE PASSAGEM, EM PVC, DE 4"" X 4"", PARA ELETRODUTO FLEXIVEL CORRUGADO"
9015,DISJUNTOR TERMOMAGNETICO BIPOLAR 30A,sem_par,,
2066,"Carretel Cabo FlexSil 750 V 4,00 Azul 00789.019",par,981,"CABO DE COBRE, FLEXIVEL, CLASSE 4 OU 5, ISOLACAO EM PVC/A, ANTICHAMA BWF-B, 1 CONDUTOR, 450/750 V, SECAO NOMINAL 4 MM2"
120450,INTER. SIMPLES 16A 1M QUAD MAGNESIO 592600,sem_par,,
103106,*CABO PP 5X4MM2,sem_par,,
9044,DISJUNTOR TERMOMAGNETICO 3X500A,sem_par,,
2054,"Carretel Cabo FlexSil 750 V 1,50 Cinza 00089.017",par,1013,"CABO DE COBRE, FLEXIVEL, CLASSE 4 OU 5, ISOLACAO EM PVC/A, ANTICHAMA BWF-B, 1 CONDUTOR, 450/750 V, SECAO NOMINAL 1,5 MM2"
2014,"Cabo FlexSil 750 V 1,00 Cinza 00003.016",par,39252,"CABO DE COBRE, FLEXIVEL, CLASSE 4 OU 5, ISOLACAO EM PVC/A, ANTICHAMA BWF-B, 1 CONDUTOR, 450/750 V, SECAO NOMINAL 1,0 MM2"
9008,DISJUNTOR TERMOMAGNETICO MONOPOLAR 50A,par,34686,"DISJUNTOR TERMOMAGNETICO PARA TRILHO DIN (IEC), MONOPOLAR, 40 - 50 A"
103019,"Cabo de Controle Flexível 5×1,0mm² CO5X1",sem_par,,
85555,DIMMER UNIVERS CONECT C/NEUTRO 75W 1M BR JW4411C,sem_par,,
120348,PLACA 3 POSTOS 4X2 QUADRADOS WHITE 582565B,par,38094,"ESPELHO / PLACA DE 3 POSTOS 4"" X 2"", PARA INSTALACAO DE TOMADAS E INTERRUPTORES"
41037,CONECTOR PARAF. FENDIDO BIMETAL. 10MM2 PFB-10,par,11856,"CONECTOR METALICO TIPO PARAFUSO FENDIDO (SPLIT BOLT), PARA CABOS ATE 10 MM2"
79056,GANCHO CURTO GALVANIZADO PARA PERFILADO,sem_par,,
9035,DISJUNTOR TERMOMAGNETICO TRIPOLAR 125A,par,2391,DISJUNTOR TERMOMAGNETICO TRIPOLAR 125 A / 425 V / ICC - 25 KA
120106,TOMADA RJ45 CAT6 1M QD MAGNESIO 572802B,par,39601,"CONECTOR / TOMADA FEMEA RJ 45, CATEGORIA 6 (CAT 6) PARA CABOS"
9063,"DISJ.3X00A SHB40 C220 4,5KA DIN SOPRA",sem_par,,
9040,DISJUNTOR TERMOMAGNETICO TRIPOLAR 250A,par,2393,"DISJUNTOR TERMOMAGNETICO TRIPOLAR 250 A / 600 V, TIPO FXD"
29033,CAIXA DE PASSAGEM DE EMBUTIR 40X40X15CM 901066,par,11251,"CAIXA DE PASSAGEM/ LUZ / TELEFONIA, DE EMBUTIR, EM CHAPA DE ACO GALVANIZADO, DIMENSOES 40 X 40 X *12* CM (PADRAO CONCESSIONARIA LOCAL)"
98056,PLACA 2 POSTOS DIST. 4X2 COM SUPORTE 680182,par,38093,"ESPELHO / PLACA DE 2 POSTOS 4"" X 2"", PARA INSTALACAO DE TOMADAS E INTERRUPTORES"
29423,TAMPA 1 RJ CINZA CLARO ¾ 913630,par,39350,"TAMPA PARA CONDULETE, EM PVC, PARA 1 MODULO RJ"
58137,FITA DE ADVERTÊNCIA ALTA TENSÃO,sem_par,,
103234,"*CABO FLEXIVEL 0,50MM2 750V MARROM",par,39251,"CABO DE COBRE, FLEXIVEL, CLASSE 4 OU 5, ISOLACAO EM PVC/A, ANTICHAMA BWF-B, 1 CONDUTOR, 450/750 V, SECAO NOMINAL 0,5 MM2"
98130,INTERRUPTOR BIPOLAR SIMPL 10A 250V 1M PT 680153PT,par,38114,"INTERRUPTOR BIPOLAR SIMPLES 10 A, 250 V (APENAS MODULO)"
2013,"Cabo FlexSil 750 V 1,00 Amarelo 00003.016",par,39252,"CABO DE COBRE, FLEXIVEL, CLASSE 4 OU 5, ISOLACAO EM PVC/A, ANTICHAMA BWF-B, 1 CONDUTOR, 450/750 V, SECAO NOMINAL 1,0 MM2"
29035,CAIXA DE PASSAGEM DE SOBREPOR 20X20X10CM 901043,par,39771,"CAIXA DE PASSAGEM METALICA DE SOBREPOR COM TAMPA PARAFUSADA, DIMENSOES 20 X 20 X 10 CM"
85445,PLACA 2 POSTOS SEPARADOS 4X2 CINZA JA4803M2JG,par,38093,"ESPELHO / PLACA DE 2 POSTOS 4"" X 2"", PARA INSTALACAO DE TOMADAS E INTERRUPTORES"
98013,CJ 1 INTER SIMPLES+1 TOMADA 2P+T 10A 4X2 680112,par,38077,"INTERRUPTOR SIMPLES + TOMADA 2P+T 10A, 250V, CONJUNTO MONTADO PARA EMBUTIR 4"" X 2"" (PLACA + SUPORTE + MODULOS)"
103166,"*CABO FLEXIVEL 0,6/1KV 2,5MM2 VERMELHO",par,1022,"CABO DE COBRE, FLEXIVEL, CLASSE 4 OU 5, ISOLACAO EM PVC/A, ANTICHAMA BWF-B, COBERTURA PVC-ST1, ANTICHAMA BWF-B, 1 CONDUTOR, 0,6/1 KV, SECAO NOMINAL 2,5 MM2"
2033,"Cabo FlexSil 750 V 4,00 Verde 00003.019",par,981,"CABO DE COBRE, FLEXIVEL, CLASSE 4 OU 5, ISOLACAO EM PVC/A, ANTICHAMA BWF-B, 1 CONDUTOR, 450/750 V, SECAO NOMINAL 4 MM2"
38092,COTOVELO 90 GRAUS P/CANALETA 80X35X50MM 10767,sem_par,,
83105,PLACA 4X2 2 POSTOS BRANCA 618502,par,38093,"ESPELHO / PLACA DE 2 POSTOS 4"" X 2"", PARA INSTALACAO DE TOMADAS E INTERRUPTORES"
59207,PLACA 3+3 POSTOS 4X4 BRANCA PLUS+ 618516BC,par,38098,"ESPELHO / PLACA DE 6 POSTOS 4"" X 4"", PARA INSTALACAO DE TOMADAS E INTERRUPTORES"
9041,DISJUNTOR TERMOMAGNETICO TRIPOLAR 300A,par,2378,"DISJUNTOR TERMOMAGNETICO TRIPOLAR 300 A / 600 V, TIPO JXD / ICC - 40 KA"
5019,LUVA TUBULAR A COMPRESSAO 16MM LF-16,sem_par,,
2035,"Cabo FlexSil 750 V 4,00 Preto 00003.019",par,981,"CABO DE COBRE, FLEXIVEL, CLASSE 4 OU 5, ISOLACAO EM PVC/A, ANTICHAMA BWF-B, 1 CONDUTOR, 450/750 V, SECAO NOMINAL 4 MM2"
154005,KIT BARRAMENTO TRIFÁSICO PARA 28 DISJUNTORES DIN 100A,sem_par,,
83104,PLACA 4X2 1 POSTO VERTICAL BR 618501,par,38092,"ESPELHO / PLACA DE 1 POSTO 4"" X 2"", PARA INSTALACAO DE TOMADAS E INTERRUPTORES"
